<?xml version="1.0" encoding="utf-8"?>
<extension type="library" version="3.0" method="upgrade">
    <name>domPDF</name>
    <libraryname>dompdf</libraryname>
    <creationDate>July 2019</creationDate>
	<description>Wrapper for domPDF 0.8.3 library to being installed in Joomla. The wrapper was created by cesarcasasolamiranda@gmail.com</description>
    <version>1.0</version>
    <files>
        <folder>lib</folder>
        <folder>src</folder>
        <filename>autoload.inc.php</filename>
        <filename>index.html</filename>
        <filename>phpcs.xml</filename>
    </files>
</extension>